EEHEE_rd1_0229.pdb,
EEHEE_rd1_0725.pdb,
EEHEE_rd1_1138.pdb,
EEHEE_rd2_0753.pdb,
EEHEE_rd2_1050.pdb,
EEHEE_rd3_0011.pdb,
EEHEE_rd3_0021.pdb,
EEHEE_rd3_0037.pdb,
EEHEE_rd3_0083.pdb,
EEHEE_rd3_0087.pdb,
EEHEE_rd3_0102.pdb,
EEHEE_rd3_0113.pdb,
EEHEE_rd3_0160.pdb,
EEHEE_rd3_0181.pdb,
EEHEE_rd3_0189.pdb,
EEHEE_rd3_0204.pdb,
EEHEE_rd3_0210.pdb,
EEHEE_rd3_0220.pdb,
EEHEE_rd3_0236.pdb,
EEHEE_rd3_0240.pdb,
EEHEE_rd3_0253.pdb,
EEHEE_rd3_0285.pdb,
EEHEE_rd3_0296.pdb,
EEHEE_rd3_0369.pdb,
EEHEE_rd3_0388.pdb,
EEHEE_rd3_0395.pdb,
EEHEE_rd3_0415.pdb,
EEHEE_rd3_0430.pdb,
EEHEE_rd3_0468.pdb,
EEHEE_rd3_0554.pdb,
EEHEE_rd3_0556.pdb,
EEHEE_rd3_0584.pdb,
EEHEE_rd3_0596.pdb,
EEHEE_rd3_0628.pdb,
EEHEE_rd3_0675.pdb,
EEHEE_rd3_0711.pdb,
EEHEE_rd3_0713.pdb,
EEHEE_rd3_0739.pdb,
EEHEE_rd3_0765.pdb,
EEHEE_rd3_0809.pdb,
EEHEE_rd3_0868.pdb,
EEHEE_rd3_0907.pdb,
EEHEE_rd3_0933.pdb,
EEHEE_rd3_0979.pdb,
EEHEE_rd3_1049.pdb,
EEHEE_rd3_1049.pdb_long,
EEHEE_rd3_1079.pdb,
EEHEE_rd3_1141.pdb,
EEHEE_rd3_1166.pdb,
EEHEE_rd3_1171.pdb,
EEHEE_rd3_1191.pdb,
EEHEE_rd3_1244.pdb,
EEHEE_rd3_1278.pdb,
EEHEE_rd3_1395.pdb,
EEHEE_rd3_1480.pdb,
EEHEE_rd3_1627.pdb,
EEHEE_rd3_1631.pdb,
EEHEE_rd3_1669.pdb,
EEHEE_rd3_1696.pdb,
EEHEE_rd3_1716.pdb,
EEHEE_rd3_1717.pdb,
EEHEE_rd3_1818.pdb,
EEHEE_rd4_0004.pdb,
EEHEE_rd4_0006.pdb,
EEHEE_rd4_0009.pdb,
EEHEE_rd4_0017.pdb,
EEHEE_rd4_0022.pdb,
EEHEE_rd4_0024.pdb,
EEHEE_rd4_0025.pdb,
EEHEE_rd4_0029.pdb,
EEHEE_rd4_0033.pdb,
EEHEE_rd4_0036.pdb,
EEHEE_rd4_0040.pdb,
EEHEE_rd4_0046.pdb,
EEHEE_rd4_0053.pdb,
EEHEE_rd4_0054.pdb,
EEHEE_rd4_0059.pdb,
EEHEE_rd4_0060.pdb,
EEHEE_rd4_0066.pdb,
EEHEE_rd4_0068.pdb,
EEHEE_rd4_0069.pdb,
EEHEE_rd4_0073.pdb,
EEHEE_rd4_0074.pdb,
EEHEE_rd4_0075.pdb,
EEHEE_rd4_0076.pdb,
EEHEE_rd4_0077.pdb,
EEHEE_rd4_0078.pdb,
EEHEE_rd4_0079.pdb,
EEHEE_rd4_0080.pdb,
EEHEE_rd4_0086.pdb,
EEHEE_rd4_0093.pdb,
EEHEE_rd4_0094.pdb,
EEHEE_rd4_0095.pdb,
EEHEE_rd4_0096.pdb,
EEHEE_rd4_0098.pdb,
EEHEE_rd4_0106.pdb,
EEHEE_rd4_0108.pdb,
EEHEE_rd4_0115.pdb,
EEHEE_rd4_0122.pdb,
EEHEE_rd4_0125.pdb,
EEHEE_rd4_0129.pdb,
EEHEE_rd4_0134.pdb,
EEHEE_rd4_0136.pdb,
EEHEE_rd4_0140.pdb,
EEHEE_rd4_0145.pdb,
EEHEE_rd4_0146.pdb,
EEHEE_rd4_0149.pdb,
EEHEE_rd4_0151.pdb,
EEHEE_rd4_0160.pdb,
EEHEE_rd4_0164.pdb,
EEHEE_rd4_0169.pdb,
EEHEE_rd4_0176.pdb,
EEHEE_rd4_0177.pdb,
EEHEE_rd4_0178.pdb,
EEHEE_rd4_0180.pdb,
EEHEE_rd4_0182.pdb,
EEHEE_rd4_0184.pdb,
EEHEE_rd4_0187.pdb,
EEHEE_rd4_0189.pdb,
EEHEE_rd4_0193.pdb,
EEHEE_rd4_0194.pdb,
EEHEE_rd4_0198.pdb,
EEHEE_rd4_0202.pdb,
EEHEE_rd4_0205.pdb,
EEHEE_rd4_0207.pdb,
EEHEE_rd4_0208.pdb,
EEHEE_rd4_0209.pdb,
EEHEE_rd4_0211.pdb,
EEHEE_rd4_0218.pdb,
EEHEE_rd4_0219.pdb,
EEHEE_rd4_0220.pdb,
EEHEE_rd4_0223.pdb,
EEHEE_rd4_0225.pdb,
EEHEE_rd4_0226.pdb,
EEHEE_rd4_0232.pdb,
EEHEE_rd4_0235.pdb,
EEHEE_rd4_0237.pdb,
EEHEE_rd4_0241.pdb,
EEHEE_rd4_0242.pdb,
EEHEE_rd4_0243.pdb,
EEHEE_rd4_0248.pdb,
EEHEE_rd4_0251.pdb,
EEHEE_rd4_0259.pdb,
EEHEE_rd4_0260.pdb,
EEHEE_rd4_0262.pdb,
EEHEE_rd4_0263.pdb,
EEHEE_rd4_0268.pdb,
EEHEE_rd4_0269.pdb,
EEHEE_rd4_0271.pdb,
EEHEE_rd4_0274.pdb,
EEHEE_rd4_0277.pdb,
EEHEE_rd4_0278.pdb,
EEHEE_rd4_0281.pdb,
EEHEE_rd4_0284.pdb,
EEHEE_rd4_0288.pdb,
EEHEE_rd4_0293.pdb,
EEHEE_rd4_0298.pdb,
EEHEE_rd4_0301.pdb,
EEHEE_rd4_0305.pdb,
EEHEE_rd4_0310.pdb,
EEHEE_rd4_0312.pdb,
EEHEE_rd4_0315.pdb,
EEHEE_rd4_0320.pdb,
EEHEE_rd4_0333.pdb,
EEHEE_rd4_0336.pdb,
EEHEE_rd4_0339.pdb,
EEHEE_rd4_0342.pdb,
EEHEE_rd4_0346.pdb,
EEHEE_rd4_0349.pdb,
EEHEE_rd4_0354.pdb,
EEHEE_rd4_0356.pdb,
EEHEE_rd4_0358.pdb,
EEHEE_rd4_0359.pdb,
EEHEE_rd4_0364.pdb,
EEHEE_rd4_0365.pdb,
EEHEE_rd4_0367.pdb,
EEHEE_rd4_0373.pdb,
EEHEE_rd4_0375.pdb,
EEHEE_rd4_0384.pdb,
EEHEE_rd4_0387.pdb,
EEHEE_rd4_0394.pdb,
EEHEE_rd4_0396.pdb,
EEHEE_rd4_0398.pdb,
EEHEE_rd4_0399.pdb,
EEHEE_rd4_0400.pdb,
EEHEE_rd4_0402.pdb,
EEHEE_rd4_0403.pdb,
EEHEE_rd4_0405.pdb,
EEHEE_rd4_0409.pdb,
EEHEE_rd4_0411.pdb,
EEHEE_rd4_0414.pdb,
EEHEE_rd4_0417.pdb,
EEHEE_rd4_0418.pdb,
EEHEE_rd4_0419.pdb,
EEHEE_rd4_0420.pdb,
EEHEE_rd4_0421.pdb,
EEHEE_rd4_0423.pdb,
EEHEE_rd4_0424.pdb,
EEHEE_rd4_0425.pdb,
EEHEE_rd4_0426.pdb,
EEHEE_rd4_0434.pdb,
EEHEE_rd4_0435.pdb,
EEHEE_rd4_0438.pdb,
EEHEE_rd4_0439.pdb,
EEHEE_rd4_0441.pdb,
EEHEE_rd4_0447.pdb,
EEHEE_rd4_0449.pdb,
EEHEE_rd4_0450.pdb,
EEHEE_rd4_0452.pdb,
EEHEE_rd4_0453.pdb,
EEHEE_rd4_0454.pdb,
EEHEE_rd4_0455.pdb,
EEHEE_rd4_0460.pdb,
EEHEE_rd4_0462.pdb,
EEHEE_rd4_0470.pdb,
EEHEE_rd4_0473.pdb,
EEHEE_rd4_0477.pdb,
EEHEE_rd4_0479.pdb,
EEHEE_rd4_0481.pdb,
EEHEE_rd4_0485.pdb,
EEHEE_rd4_0486.pdb,
EEHEE_rd4_0489.pdb,
EEHEE_rd4_0492.pdb,
EEHEE_rd4_0502.pdb,
EEHEE_rd4_0503.pdb,
EEHEE_rd4_0505.pdb,
EEHEE_rd4_0512.pdb,
EEHEE_rd4_0513.pdb,
EEHEE_rd4_0522.pdb,
EEHEE_rd4_0526.pdb,
EEHEE_rd4_0528.pdb,
EEHEE_rd4_0535.pdb,
EEHEE_rd4_0536.pdb,
EEHEE_rd4_0539.pdb,
EEHEE_rd4_0541.pdb,
EEHEE_rd4_0544.pdb,
EEHEE_rd4_0545.pdb,
EEHEE_rd4_0547.pdb,
EEHEE_rd4_0552.pdb,
EEHEE_rd4_0558.pdb,
EEHEE_rd4_0560.pdb,
EEHEE_rd4_0562.pdb,
EEHEE_rd4_0565.pdb,
EEHEE_rd4_0567.pdb,
EEHEE_rd4_0568.pdb,
EEHEE_rd4_0571.pdb,
EEHEE_rd4_0578.pdb,
EEHEE_rd4_0581.pdb,
EEHEE_rd4_0582.pdb,
EEHEE_rd4_0583.pdb,
EEHEE_rd4_0586.pdb,
EEHEE_rd4_0587.pdb,
EEHEE_rd4_0589.pdb,
EEHEE_rd4_0591.pdb,
EEHEE_rd4_0593.pdb,
EEHEE_rd4_0595.pdb,
EEHEE_rd4_0600.pdb,
EEHEE_rd4_0601.pdb,
EEHEE_rd4_0603.pdb,
EEHEE_rd4_0610.pdb,
EEHEE_rd4_0611.pdb,
EEHEE_rd4_0615.pdb,
EEHEE_rd4_0617.pdb,
EEHEE_rd4_0619.pdb,
EEHEE_rd4_0621.pdb,
EEHEE_rd4_0624.pdb,
EEHEE_rd4_0627.pdb,
EEHEE_rd4_0628.pdb,
EEHEE_rd4_0629.pdb,
EEHEE_rd4_0630.pdb,
EEHEE_rd4_0631.pdb,
EEHEE_rd4_0632.pdb,
EEHEE_rd4_0637.pdb,
EEHEE_rd4_0639.pdb,
EEHEE_rd4_0643.pdb,
EEHEE_rd4_0649.pdb,
EEHEE_rd4_0652.pdb,
EEHEE_rd4_0655.pdb,
EEHEE_rd4_0659.pdb,
EEHEE_rd4_0660.pdb,
EEHEE_rd4_0661.pdb,
EEHEE_rd4_0664.pdb,
EEHEE_rd4_0666.pdb,
EEHEE_rd4_0672.pdb,
EEHEE_rd4_0673.pdb,
EEHEE_rd4_0675.pdb,
EEHEE_rd4_0678.pdb,
EEHEE_rd4_0680.pdb,
EEHEE_rd4_0681.pdb,
EEHEE_rd4_0682.pdb,
EEHEE_rd4_0692.pdb,
EEHEE_rd4_0697.pdb,
EEHEE_rd4_0701.pdb,
EEHEE_rd4_0702.pdb,
EEHEE_rd4_0703.pdb,
EEHEE_rd4_0704.pdb,
EEHEE_rd4_0705.pdb,
EEHEE_rd4_0716.pdb,
EEHEE_rd4_0726.pdb,
EEHEE_rd4_0727.pdb,
EEHEE_rd4_0728.pdb,
EEHEE_rd4_0730.pdb,
EEHEE_rd4_0732.pdb,
EEHEE_rd4_0751.pdb,
EEHEE_rd4_0760.pdb,
EEHEE_rd4_0761.pdb,
EEHEE_rd4_0768.pdb,
EEHEE_rd4_0783.pdb,
EEHEE_rd4_0784.pdb,
EEHEE_rd4_0785.pdb,
EEHEE_rd4_0786.pdb,
EEHEE_rd4_0792.pdb,
EEHEE_rd4_0801.pdb,
EEHEE_rd4_0812.pdb,
EEHEE_rd4_0814.pdb,
EEHEE_rd4_0820.pdb,
EEHEE_rd4_0829.pdb,
EEHEE_rd4_0831.pdb,
EEHEE_rd4_0832.pdb,
EEHEE_rd4_0834.pdb,
EEHEE_rd4_0835.pdb,
EEHEE_rd4_0836.pdb,
EEHEE_rd4_0837.pdb,
EEHEE_rd4_0841.pdb,
EEHEE_rd4_0848.pdb,
EEHEE_rd4_0860.pdb,
EEHEE_rd4_0861.pdb,
EEHEE_rd4_0862.pdb,
EEHEE_rd4_0867.pdb,
EEHEE_rd4_0871.pdb,
EEHEE_rd4_0881.pdb,
EEHEE_rd4_0882.pdb,
EEHEE_rd4_0885.pdb,
EEHEE_rd4_0886.pdb,
EEHEE_rd4_0890.pdb,
EEHEE_rd4_0891.pdb,
EEHEE_rd4_0897.pdb,
EEHEE_rd4_0899.pdb,
EEHEE_rd4_0906.pdb,
EEHEE_rd4_0914.pdb,
EEHEE_rd4_0917.pdb,
EEHEE_rd4_0921.pdb,
EEHEE_rd4_0922.pdb,
EEHEE_rd4_0925.pdb,
EEHEE_rd4_0926.pdb,
EEHEE_rd4_0930.pdb,
EEHEE_rd4_0933.pdb,
EEHEE_rd4_0934.pdb,
EEHEE_rd4_0936.pdb,
EEHEE_rd4_0941.pdb,
EEHEE_rd4_0946.pdb,
EEHEE_rd4_0947.pdb,
EEHEE_rd4_0949.pdb,
EEHEE_rd4_0952.pdb,
EEHEE_rd4_0953.pdb,
EEHEE_rd4_0956.pdb,
EEHEE_rd4_0957.pdb,
EEHEE_rd4_0960.pdb,
EEHEE_rd4_0961.pdb,
EEHEE_rd4_0982.pdb,
EEHEE_rd4_0983.pdb,
EEHEE_rd4_0984.pdb,
EEHEE_rd4_0987.pdb,
EEHEE_rd4_0996.pdb,
EEHEE_rd4_0997.pdb,
EEHEE_rd4_0998.pdb,
EHEE_rd1_0284.pdb,
EHEE_rd1_0284.pdb_long,
EHEE_rd1_0407.pdb,
EHEE_rd1_0407.pdb_long,
EHEE_rd2_0005.pdb,
EHEE_rd2_0005.pdb_long,
EHEE_rd2_0303.pdb,
EHEE_rd2_0303.pdb_long,
HEEH_rd1_0035.pdb,
HEEH_rd1_0125.pdb,
HEEH_rd1_0224.pdb,
HEEH_rd1_0302.pdb,
HEEH_rd1_0525.pdb,
HEEH_rd1_0528.pdb,
HEEH_rd1_0562.pdb,
HEEH_rd1_0569.pdb,
HEEH_rd1_0600.pdb,
HEEH_rd1_0724.pdb,
HEEH_rd1_0871.pdb,
HEEH_rd1_0884.pdb,
HEEH_rd1_0939.pdb,
HEEH_rd1_0966.pdb,
HEEH_rd2_0042.pdb,
HEEH_rd2_0089.pdb,
HEEH_rd2_0093.pdb,
HEEH_rd2_0127.pdb_long,
HEEH_rd2_0169.pdb,
HEEH_rd2_0244.pdb,
HEEH_rd2_0410.pdb,
HEEH_rd2_0432.pdb,
HEEH_rd2_0519.pdb,
HEEH_rd2_0682.pdb,
HEEH_rd2_0692.pdb,
HEEH_rd2_0727.pdb,
HEEH_rd2_0771.pdb,
HEEH_rd2_0771.pdb_long,
HEEH_rd2_0779.pdb,
HEEH_rd2_0779.pdb_long,
HEEH_rd3_0075.pdb,
HEEH_rd3_0083.pdb,
HEEH_rd3_0223.pdb,
HEEH_rd3_0997.pdb,
HEEH_rd3_1273.pdb,
HEEH_rd3_1568.pdb,
HEEH_rd3_1604.pdb,
HEEH_rd4_0038.pdb,
HEEH_rd4_0049.pdb,
HEEH_rd4_0053.pdb,
HEEH_rd4_0053.pdb_long,
HEEH_rd4_0079.pdb,
HEEH_rd4_0080.pdb,
HEEH_rd4_0094.pdb,
HEEH_rd4_0097.pdb,
HEEH_rd4_0097.pdb_long,
HEEH_rd4_0138.pdb,
HEEH_rd4_0146.pdb,
HEEH_rd4_0160.pdb,
HEEH_rd4_0173.pdb,
HEEH_rd4_0190.pdb,
HEEH_rd4_0198.pdb,
HEEH_rd4_0236.pdb,
HEEH_rd4_0246.pdb,
HEEH_rd4_0272.pdb,
HEEH_rd4_0276.pdb,
HEEH_rd4_0283.pdb,
HEEH_rd4_0294.pdb,
HEEH_rd4_0334.pdb,
HEEH_rd4_0345.pdb,
HEEH_rd4_0347.pdb,
HEEH_rd4_0349.pdb,
HEEH_rd4_0363.pdb,
HEEH_rd4_0408.pdb,
HEEH_rd4_0446.pdb,
HEEH_rd4_0454.pdb,
HEEH_rd4_0461.pdb,
HEEH_rd4_0471.pdb,
HEEH_rd4_0475.pdb,
HEEH_rd4_0485.pdb,
HEEH_rd4_0490.pdb,
HEEH_rd4_0500.pdb,
HEEH_rd4_0503.pdb,
HEEH_rd4_0514.pdb,
HEEH_rd4_0528.pdb,
HEEH_rd4_0566.pdb,
HEEH_rd4_0591.pdb,
HEEH_rd4_0610.pdb,
HEEH_rd4_0611.pdb,
HEEH_rd4_0614.pdb,
HEEH_rd4_0617.pdb,
HEEH_rd4_0623.pdb,
HEEH_rd4_0645.pdb,
HEEH_rd4_0650.pdb,
HEEH_rd4_0680.pdb,
HEEH_rd4_0696.pdb,
HEEH_rd4_0718.pdb,
HEEH_rd4_0721.pdb,
HEEH_rd4_0739.pdb,
HEEH_rd4_0745.pdb,
HEEH_rd4_0765.pdb,
HEEH_rd4_0768.pdb,
HEEH_rd4_0770.pdb,
HEEH_rd4_0777.pdb,
HEEH_rd4_0782.pdb,
HEEH_rd4_0814.pdb,
HEEH_rd4_0856.pdb,
HEEH_rd4_0866.pdb,
HEEH_rd4_0872.pdb,
HEEH_rd4_0885.pdb,
HEEH_rd4_0906.pdb,
HEEH_rd4_0911.pdb,
HEEH_rd4_0916.pdb,
HEEH_rd4_0940.pdb,
HEEH_rd4_0941.pdb,
HEEH_rd4_0964.pdb,
HEEH_rd4_0981.pdb,
HEEH_rd4_0982.pdb,
HEEH_rd4_0984.pdb,
HHH_rd1_0002.pdb,
HHH_rd1_0005.pdb_long,
HHH_rd1_0012.pdb_SPIKE,
HHH_rd1_0014.pdb,
HHH_rd1_0022.pdb,
HHH_rd1_0024.pdb,
HHH_rd1_0039.pdb,
HHH_rd1_0042.pdb,
HHH_rd1_0078.pdb,
HHH_rd1_0080.pdb,
HHH_rd1_0096.pdb,
HHH_rd1_0107.pdb,
HHH_rd1_0111.pdb,
HHH_rd1_0117.pdb,
HHH_rd1_0127.pdb,
HHH_rd1_0128.pdb,
HHH_rd1_0130.pdb,
HHH_rd1_0142.pdb,
HHH_rd1_0142.pdb_long,
HHH_rd1_0146.pdb,
HHH_rd1_0154.pdb,
HHH_rd1_0178.pdb,
HHH_rd1_0190.pdb,
HHH_rd1_0191.pdb,
HHH_rd1_0203.pdb,
HHH_rd1_0224.pdb,
HHH_rd1_0225.pdb,
HHH_rd1_0226.pdb,
HHH_rd1_0239.pdb,
HHH_rd1_0245.pdb,
HHH_rd1_0252.pdb,
HHH_rd1_0253.pdb,
HHH_rd1_0265.pdb,
HHH_rd1_0269.pdb,
HHH_rd1_0272.pdb,
HHH_rd1_0273.pdb,
HHH_rd1_0280.pdb,
HHH_rd1_0288.pdb,
HHH_rd1_0289.pdb,
HHH_rd1_0303.pdb,
HHH_rd1_0310.pdb,
HHH_rd1_0312.pdb,
HHH_rd1_0315.pdb,
HHH_rd1_0320.pdb,
HHH_rd1_0320.pdb_long,
HHH_rd1_0339.pdb,
HHH_rd1_0345.pdb,
HHH_rd1_0356.pdb,
HHH_rd1_0361.pdb,
HHH_rd1_0369.pdb,
HHH_rd1_0371.pdb,
HHH_rd1_0374.pdb,
HHH_rd1_0375.pdb,
HHH_rd1_0376.pdb,
HHH_rd1_0423.pdb,
HHH_rd1_0440.pdb,
HHH_rd1_0445.pdb,
HHH_rd1_0462.pdb,
HHH_rd1_0473.pdb,
HHH_rd1_0476.pdb,
HHH_rd1_0555.pdb,
HHH_rd1_0567.pdb,
HHH_rd1_0578.pdb,
HHH_rd1_0579.pdb,
HHH_rd1_0584.pdb,
HHH_rd1_0609.pdb,
HHH_rd1_0631.pdb,
HHH_rd1_0637.pdb,
HHH_rd1_0659.pdb,
HHH_rd1_0669.pdb,
HHH_rd1_0681.pdb,
HHH_rd1_0711.pdb,
HHH_rd1_0739.pdb,
HHH_rd1_0744.pdb,
HHH_rd1_0783.pdb,
HHH_rd1_0786.pdb,
HHH_rd1_0799.pdb,
HHH_rd1_0811.pdb,
HHH_rd1_0816.pdb,
HHH_rd1_0818.pdb,
HHH_rd1_0831.pdb,
HHH_rd1_0862.pdb,
HHH_rd1_0866.pdb,
HHH_rd1_0898.pdb,
HHH_rd1_0919.pdb,
HHH_rd1_0937.pdb,
HHH_rd1_0964.pdb,
HHH_rd1_0986.pdb,
HHH_rd2_0003.pdb,
HHH_rd2_0012.pdb,
HHH_rd2_0018.pdb,
HHH_rd2_0019.pdb,
HHH_rd2_0020.pdb,
HHH_rd2_0023.pdb,
HHH_rd2_0037.pdb,
HHH_rd2_0039.pdb,
HHH_rd2_0054.pdb,
HHH_rd2_0059.pdb,
HHH_rd2_0080.pdb,
HHH_rd2_0084.pdb,
HHH_rd2_0085.pdb,
HHH_rd2_0086.pdb,
HHH_rd2_0091.pdb,
HHH_rd2_0092.pdb,
HHH_rd2_0094.pdb,
HHH_rd2_0095.pdb,
HHH_rd2_0096.pdb,
HHH_rd2_0134.pdb,
HHH_rd2_0140.pdb,
HHH_rd2_0146.pdb,
HHH_rd2_0165.pdb,
HHH_rd2_0167.pdb,
HHH_rd2_0168.pdb,
HHH_rd2_0181.pdb,
HHH_rd2_0182.pdb,
HHH_rd2_0195.pdb,
HHH_rd2_0199.pdb,
HHH_rd2_0207.pdb,
HHH_rd2_0215.pdb,
HHH_rd2_0234.pdb,
HHH_rd3_0008.pdb,
HHH_rd3_0023.pdb,
HHH_rd3_0027.pdb,
HHH_rd3_0043.pdb,
HHH_rd3_0046.pdb,
HHH_rd3_0053.pdb,
HHH_rd3_0062.pdb,
HHH_rd3_0062.pdb_SPIKE,
HHH_rd3_0065.pdb,
HHH_rd3_0068.pdb,
HHH_rd3_0070.pdb,
HHH_rd3_0071.pdb,
HHH_rd3_0075.pdb,
HHH_rd3_0081.pdb,
HHH_rd3_0088.pdb,
HHH_rd3_0095.pdb,
HHH_rd3_0096.pdb,
HHH_rd3_0104.pdb,
HHH_rd3_0116.pdb,
HHH_rd3_0134.pdb,
HHH_rd3_0136.pdb,
HHH_rd3_0142.pdb,
HHH_rd3_0146.pdb,
HHH_rd3_0153.pdb,
HHH_rd3_0157.pdb,
HHH_rd3_0160.pdb,
HHH_rd3_0165.pdb,
HHH_rd3_0167.pdb,
HHH_rd3_0169.pdb,
HHH_rd3_0170.pdb,
HHH_rd3_0171.pdb,
HHH_rd3_0174.pdb,
HHH_rd3_0185.pdb,
HHH_rd3_0201.pdb,
HHH_rd3_0211.pdb,
HHH_rd3_0215.pdb,
HHH_rd3_0216.pdb,
HHH_rd3_0217.pdb,
HHH_rd3_0218.pdb,
HHH_rd3_0219.pdb,
HHH_rd3_0230.pdb,
HHH_rd3_0241.pdb,
HHH_rd4_0002.pdb,
HHH_rd4_0004.pdb,
HHH_rd4_0005.pdb,
HHH_rd4_0008.pdb,
HHH_rd4_0010.pdb,
HHH_rd4_0012.pdb,
HHH_rd4_0013.pdb,
HHH_rd4_0016.pdb,
HHH_rd4_0017.pdb,
HHH_rd4_0019.pdb,
HHH_rd4_0021.pdb,
HHH_rd4_0025.pdb,
HHH_rd4_0028.pdb,
HHH_rd4_0043.pdb,
HHH_rd4_0047.pdb,
HHH_rd4_0055.pdb,
HHH_rd4_0058.pdb,
HHH_rd4_0064.pdb,
HHH_rd4_0072.pdb,
HHH_rd4_0073.pdb,
HHH_rd4_0074.pdb,
HHH_rd4_0077.pdb,
HHH_rd4_0082.pdb,
HHH_rd4_0083.pdb,
HHH_rd4_0084.pdb,
HHH_rd4_0093.pdb,
HHH_rd4_0097.pdb,
HHH_rd4_0098.pdb,
HHH_rd4_0115.pdb,
HHH_rd4_0124.pdb,
HHH_rd4_0125.pdb,
HHH_rd4_0131.pdb,
HHH_rd4_0132.pdb,
HHH_rd4_0133.pdb,
HHH_rd4_0134.pdb,
HHH_rd4_0135.pdb,
HHH_rd4_0148.pdb,
HHH_rd4_0149.pdb,
HHH_rd4_0151.pdb,
HHH_rd4_0153.pdb,
HHH_rd4_0154.pdb,
HHH_rd4_0158.pdb,
HHH_rd4_0159.pdb,
HHH_rd4_0160.pdb,
HHH_rd4_0165.pdb,
HHH_rd4_0167.pdb,
HHH_rd4_0175.pdb,
HHH_rd4_0177.pdb,
HHH_rd4_0186.pdb,
HHH_rd4_0195.pdb,
HHH_rd4_0199.pdb,
HHH_rd4_0200.pdb,
HHH_rd4_0202.pdb,
HHH_rd4_0204.pdb,
HHH_rd4_0208.pdb,
HHH_rd4_0212.pdb,
HHH_rd4_0219.pdb,
HHH_rd4_0221.pdb,
HHH_rd4_0224.pdb,
HHH_rd4_0226.pdb,
HHH_rd4_0236.pdb,
HHH_rd4_0237.pdb,
HHH_rd4_0240.pdb,
HHH_rd4_0249.pdb,
HHH_rd4_0253.pdb,
HHH_rd4_0256.pdb,
HHH_rd4_0258.pdb,
HHH_rd4_0262.pdb,
HHH_rd4_0265.pdb,
HHH_rd4_0267.pdb,
HHH_rd4_0269.pdb,
HHH_rd4_0271.pdb,
HHH_rd4_0276.pdb,
HHH_rd4_0277.pdb,
HHH_rd4_0289.pdb,
HHH_rd4_0293.pdb,
HHH_rd4_0295.pdb,
HHH_rd4_0296.pdb,
HHH_rd4_0297.pdb,
HHH_rd4_0306.pdb,
HHH_rd4_0309.pdb,
HHH_rd4_0313.pdb,
HHH_rd4_0317.pdb,
HHH_rd4_0318.pdb,
HHH_rd4_0319.pdb,
HHH_rd4_0323.pdb,
HHH_rd4_0325.pdb,
HHH_rd4_0329.pdb,
HHH_rd4_0333.pdb,
HHH_rd4_0343.pdb,
HHH_rd4_0344.pdb,
HHH_rd4_0350.pdb,
HHH_rd4_0353.pdb,
HHH_rd4_0359.pdb,
HHH_rd4_0360.pdb,
HHH_rd4_0367.pdb,
HHH_rd4_0373.pdb,
HHH_rd4_0377.pdb,
HHH_rd4_0378.pdb,
HHH_rd4_0381.pdb,
HHH_rd4_0383.pdb,
HHH_rd4_0390.pdb,
HHH_rd4_0391.pdb,
HHH_rd4_0399.pdb,
HHH_rd4_0407.pdb,
HHH_rd4_0409.pdb,
HHH_rd4_0410.pdb,
HHH_rd4_0432.pdb,
HHH_rd4_0436.pdb,
HHH_rd4_0437.pdb,
HHH_rd4_0438.pdb,
HHH_rd4_0439.pdb,
HHH_rd4_0441.pdb,
HHH_rd4_0444.pdb,
HHH_rd4_0452.pdb,
HHH_rd4_0453.pdb,
HHH_rd4_0465.pdb,
HHH_rd4_0471.pdb,
HHH_rd4_0477.pdb,
HHH_rd4_0489.pdb,
HHH_rd4_0491.pdb,
HHH_rd4_0498.pdb,
HHH_rd4_0501.pdb,
HHH_rd4_0502.pdb,
HHH_rd4_0503.pdb,
HHH_rd4_0509.pdb,
HHH_rd4_0512.pdb,
HHH_rd4_0514.pdb,
HHH_rd4_0516.pdb,
HHH_rd4_0518.pdb,
HHH_rd4_0522.pdb,
HHH_rd4_0523.pdb,
HHH_rd4_0529.pdb,
HHH_rd4_0536.pdb,
HHH_rd4_0539.pdb,
HHH_rd4_0545.pdb,
HHH_rd4_0552.pdb,
HHH_rd4_0554.pdb,
HHH_rd4_0555.pdb,
HHH_rd4_0560.pdb,
HHH_rd4_0564.pdb,
HHH_rd4_0567.pdb,
HHH_rd4_0573.pdb,
HHH_rd4_0576.pdb,
HHH_rd4_0578.pdb,
HHH_rd4_0580.pdb,
HHH_rd4_0581.pdb,
HHH_rd4_0586.pdb,
HHH_rd4_0587.pdb,
HHH_rd4_0588.pdb,
HHH_rd4_0594.pdb,
HHH_rd4_0595.pdb,
HHH_rd4_0601.pdb,
HHH_rd4_0610.pdb,
HHH_rd4_0611.pdb,
HHH_rd4_0613.pdb,
HHH_rd4_0614.pdb,
HHH_rd4_0617.pdb,
HHH_rd4_0618.pdb,
HHH_rd4_0619.pdb,
HHH_rd4_0620.pdb,
HHH_rd4_0621.pdb,
HHH_rd4_0623.pdb,
HHH_rd4_0632.pdb,
HHH_rd4_0637.pdb,
HHH_rd4_0649.pdb,
HHH_rd4_0651.pdb,
HHH_rd4_0655.pdb,
HHH_rd4_0658.pdb,
HHH_rd4_0665.pdb,
HHH_rd4_0673.pdb,
HHH_rd4_0679.pdb,
HHH_rd4_0684.pdb,
HHH_rd4_0697.pdb,
HHH_rd4_0704.pdb,
HHH_rd4_0712.pdb,
HHH_rd4_0718.pdb,
HHH_rd4_0724.pdb,
HHH_rd4_0725.pdb,
HHH_rd4_0730.pdb,
HHH_rd4_0731.pdb,
HHH_rd4_0733.pdb,
HHH_rd4_0735.pdb,
HHH_rd4_0738.pdb,
HHH_rd4_0751.pdb,
HHH_rd4_0752.pdb,
HHH_rd4_0759.pdb,
HHH_rd4_0765.pdb,
HHH_rd4_0766.pdb,
HHH_rd4_0786.pdb,
HHH_rd4_0787.pdb,
HHH_rd4_0790.pdb,
HHH_rd4_0791.pdb,
HHH_rd4_0793.pdb,
HHH_rd4_0795.pdb,
HHH_rd4_0796.pdb,
HHH_rd4_0800.pdb,
HHH_rd4_0802.pdb,
HHH_rd4_0804.pdb,
HHH_rd4_0805.pdb,
HHH_rd4_0807.pdb,
HHH_rd4_0816.pdb,
HHH_rd4_0820.pdb,
HHH_rd4_0824.pdb,
HHH_rd4_0825.pdb,
HHH_rd4_0828.pdb,
HHH_rd4_0833.pdb,
HHH_rd4_0835.pdb,
HHH_rd4_0836.pdb,
HHH_rd4_0840.pdb,
HHH_rd4_0850.pdb,
HHH_rd4_0852.pdb,
HHH_rd4_0871.pdb,
HHH_rd4_0876.pdb,
HHH_rd4_0883.pdb,
HHH_rd4_0887.pdb,
HHH_rd4_0891.pdb,
HHH_rd4_0899.pdb,
HHH_rd4_0902.pdb,
HHH_rd4_0911.pdb,
HHH_rd4_0912.pdb,
HHH_rd4_0914.pdb,
HHH_rd4_0919.pdb,
HHH_rd4_0922.pdb,
HHH_rd4_0923.pdb,
HHH_rd4_0927.pdb,
HHH_rd4_0928.pdb,
HHH_rd4_0932.pdb,
HHH_rd4_0938.pdb,
HHH_rd4_0940.pdb,
HHH_rd4_0943.pdb,
HHH_rd4_0944.pdb,
HHH_rd4_0946.pdb,
HHH_rd4_0947.pdb,
HHH_rd4_0950.pdb,
HHH_rd4_0952.pdb,
HHH_rd4_0959.pdb,
HHH_rd4_0969.pdb,
HHH_rd4_0972.pdb,
HHH_rd4_0981.pdb,
HHH_rd4_0983.pdb,
HHH_rd4_0986.pdb,
HHH_rd4_0988.pdb,
HHH_rd4_0992.pdb,
HHH_rd4_1000.pdb